CustomerID,Name,Address,PhoneNumber
1,Bradley Lewis,"561 Wendy Drive
West Michael, ND 65764",4669194456
2,Andrew Fritz,"46731 Jeffrey Forges Suite 476
East Traciberg, MI 11726",(336)958-8664
3,Steven Vasquez,"03654 Kelsey Springs Apt. 993
Lake Alice, PW 15271",511-485-5688x27638
4,James Murphy,"7617 Brewer Mall Apt. 234
New Mark, FM 63992",784-729-8771x2437
5,Claire Jones,"6313 Jones Crescent Apt. 087
Dunlapchester, NJ 94034",976-716-4304x59974
6,Donna Berry,"150 Vaughn Dam Suite 947
New Marissastad, ID 04090",998.653.5330
7,Denise Mosley,"497 Rush View
North Monicaport, UT 72245",485.583.4691
8,Joseph Hawkins,"76927 Garrett Street Suite 377
Walkerville, OR 67161",503.312.4537x22253
9,Charles Perez,"PSC 0292, Box 6748
APO AP 39400",482.859.7981x802
10,John Chen,"043 Jensen Estates Suite 746
New Bryan, OK 88873",360.347.7097x26466
11,Brandon Bruce,"10772 Stein Trail Suite 024
Lake Benjamin, FM 50005",514.743.6454x605
12,Kevin Ayers,"018 Janet Burgs Suite 237
Manningchester, GA 04946",(313)288-6854
13,John Murphy,"9199 Jackson Radial
Morrisonbury, AS 60810",987-790-7865x675
14,Karen Carter,"1503 Chavez Court Suite 928
Port Angela, IL 03590",338-799-3782
15,Gary Wilson,"6515 Misty Rapid
Wellsland, OK 87181",315-563-7394x90783
16,Tracey Gomez,"2337 Jeremy Gardens
New Sethborough, LA 90045",+1-372-668-1709x1398
17,Ernest Roberts,"650 Maddox Lane
North Frankview, IN 00672",+1-362-332-9954
18,Edwin Morales,"5918 Anderson Lake
North Sharonborough, WY 78035",(411)687-4510x9888
19,Patricia Best,"3886 Jorge Road Suite 532
South James, VT 92131",481.317.3020x810
20,Carlos Johnson,"604 Smith Ramp Suite 650
West Sandra, CA 26584",383.359.6907x55578
21,Sarah Mccormick,"96871 Anthony Camp
Josetown, TN 34757",849.291.8177
22,Angela Allen,"246 Matthew Creek
New Nancy, LA 81874",(329)444-4590x763
23,Misty Patterson,"Unit 2875 Box 3917
DPO AA 81424",316.548.5062x6113
24,Kenneth Baker,"1303 Watson Avenue Suite 809
Vickistad, MI 64394",001-366-362-4193x893
25,Kayla Anderson,"416 Melissa Court Suite 535
East Preston, GU 43146",(341)233-0726x467
26,Joyce Fletcher,"1895 Jennifer Cliff
Port Paul, MP 41115",966-598-3334x9527
27,Steve Weaver,"1741 Ashley Ferry Suite 717
Lake Lisaberg, LA 73716",5685337021
28,Kimberly Joseph,"9428 Martha Shore Suite 807
East Gregory, MO 99475",704-506-3534
29,Samuel Yang,"991 Jennifer Ridge
West Crystalfort, SD 24044",730.923.7410x764
30,Natalie Johnson,"51657 Davis Mountains
East Alexandra, IL 34443",895-928-6316
31,Paula Glass,"194 Turner Club Suite 273
Jessicaport, ME 08011",(451)394-8157x39347
32,Joseph Ward,"974 Potter Centers
West Vanessatown, GU 50357",(236)766-6690x056
33,Cody Hampton,"27771 Anderson Extension Apt. 853
Clarkborough, PA 96768",6677233458
34,Michael Nguyen,"79470 Charles Ridges Apt. 030
New Janemouth, MS 95525",8278518744
35,Catherine Ellis DVM,"5424 Clarke Walks Suite 529
Stacyshire, TX 44050",001-479-215-6071x77380
36,Jennifer Leach,"34229 Jacob Views
Gregoryshire, OK 40264",601-792-2220x887
37,Elizabeth Cruz,"1955 Joshua Park
Donaldburgh, FL 70367",(475)891-9592x215
38,Antonio Garcia,"75753 Austin Brooks Suite 416
Port Susan, MT 59041",001-862-274-8511
39,Tony Gonzalez,"3425 Joshua Mountain Apt. 071
Grahamberg, UT 62786",+1-749-906-5576
40,Jessica Aguilar,"722 John Spur
South Jennifermouth, WY 32820",247.479.8527
41,Michelle Gallegos,"43854 Hannah Curve Apt. 806
Tammyfurt, VA 63690",001-724-788-0168
42,Jason May,"0473 Bryce Parkways
Ricardoview, MA 40019",+1-395-672-4756x555
43,Frederick Gray,"Unit 5438 Box 2382
DPO AE 18798",+1-216-654-2470x130
44,Tiffany Swanson,"4779 Lara Roads Apt. 508
Jessicaland, AR 91013",217-643-3295
45,Brian Clark,"27022 Monica View Apt. 264
New Rebeccaburgh, LA 69162",431-522-7527x91408
46,Roberta Mason,"5356 Laura Lock
Cynthiaville, CT 56189",576.680.9328
47,George Simmons,"795 Colon Meadow
South Davidstad, ND 56100",863.236.3634
48,Patricia Barnes,"007 Phillips Glens Suite 657
Greenborough, IL 92559",001-296-898-9023x51497
49,Peter Santiago,"84839 James Glen
Sarachester, WI 48075",847.470.6575
50,Michael Jackson,"74541 Zuniga Plaza Apt. 738
West Joshuafurt, DC 69188",967-633-7977x78560
51,Thomas Chavez,"3901 Mathis Road
Kerrland, NE 30474",+1-839-424-2164x17717
52,Mrs. Elizabeth Estrada,"666 Matthew Shoal
Clarkview, CO 96458",001-811-796-9836x861
53,Leah Lamb,"881 Price Mission
Velezmouth, SD 03186",800.965.7429
54,John Rodriguez,"1323 Johnson Crossing
South Linda, AR 23080",554-689-8382x230
55,Michael Watkins,"964 Melissa Highway Apt. 674
Eileenchester, OH 34099",959-708-4054
56,Jose Torres,"8948 Martinez Crest
Benjaminview, NJ 82390",+1-629-567-1160x74744
57,Elizabeth Smith,"5660 Dixon Springs
Danielstad, MP 32985",210.762.7538
58,Heather Alvarado,"PSC 4769, Box 8526
APO AP 40194",+1-601-634-7927
59,Megan King,"0981 Bailey Center
Samuelfort, FM 82540",761-303-5409
60,Janet Thomas,"1560 Morgan Mews
Hannahville, MD 38933",001-231-814-0260x762
61,Pamela Young,"018 Hernandez Gateway
Amandamouth, TN 27529",(222)788-9703
62,Daniel Williams,"37310 Karen Divide
Port Lori, AR 64900",(222)574-6932x054
63,Elaine Marsh,"USNS Wilson
FPO AA 81433",001-891-276-2104x42335
64,Miss Allison Lane,"421 Durham Via Apt. 975
Beverlyton, OR 23035",9677636023
65,Mark Davis,"0638 Matthew Row
Gutierrezfort, MN 02333",427.606.5681
66,Jeffrey Smith,"761 John Station Apt. 021
North Patriciaside, NJ 86219",(904)927-6827x048
67,Debbie Allen,"3867 Bailey Isle
North Shannon, NV 93115",001-908-808-3644x425
68,Gina Randall,"932 Steven Port
South Donnachester, DC 95963",+1-978-622-3727x2563
69,Michael Curry,"7413 Allen Manor Apt. 506
Michaeltown, MP 41867",657.461.0558x850
70,Todd Williams,"24947 Sandra Fort Suite 766
New Anthonymouth, MP 48123",332-350-3109x84028
71,Donald Castro,"26375 Jessica Walk Apt. 815
Port William, UT 67386",772-839-5874x8546
72,Samuel Krause,"PSC 3812, Box 0777
APO AE 84904",001-652-914-2720
73,Jerry Thomas,"257 Dean Plains Suite 098
Lindseychester, OK 33486",+1-723-511-0838x101
74,Stacey Martinez,"217 Vargas Mountain
South Kelly, GA 38354",(612)826-4164x4853
75,Melissa Garza,"463 Alexander Haven Suite 287
Lake Eric, KS 88804",913.667.5865
76,Kathy Padilla,"2352 Stephanie Shores
Sarahport, AL 85618",+1-810-744-9383x28925
77,Nicole Ellis,"616 Hendricks Light Apt. 876
Howardborough, WA 43980",950-542-5322
78,Kaylee Peterson,"95944 Tucker Crescent Apt. 989
East Phyllisview, NY 26171",298.249.2341x09275
79,Anthony Vaughn,"835 Fisher Plaza
North Joshua, ND 47985",+1-595-867-1925
80,Alfred Palmer,"768 Merritt Loaf Suite 442
West Dawnland, AL 58440",754-620-7314
81,Monica Ramirez,"48016 Julian Shoals
South Jasmineburgh, VA 67201",(860)328-6859x299
82,Natalie Fuller,"257 Eric Ports
Hutchinsonberg, MP 22471",9703545077
83,Adam Green,"PSC 8241, Box 3861
APO AP 85611",781-484-4070
84,Sonya Logan,"Unit 3909 Box 7416
DPO AE 63189",(345)840-4301x28766
85,Gary Sullivan,"055 Sandra Springs
New Teresaburgh, PR 29055",001-346-866-7245
86,Kyle Beck,"9705 Matthew Villages Suite 169
North Stephanieville, SD 78680",(821)396-2274x587
87,Jeffrey Hall,"5067 Rickey Estates
North Cindyfort, AZ 17944",(412)853-1767x028
88,Todd Bishop,"6066 Smith Stravenue
Harrisborough, NJ 71438",(584)967-4997x38619
89,Douglas Smith,"66931 Caldwell Wall
Kellyburgh, IN 17426",706.560.4345x43068
90,Jason Wise MD,"3737 Mark Valleys Apt. 247
East Barbaratown, DC 79655",001-639-361-7790
91,Phyllis Sheppard,"65136 Michael Extensions
Port Bryanside, MN 64143",001-870-606-7756x8943
92,Lisa Kennedy,"841 Chavez Tunnel Suite 737
East Bradleyborough, PA 79954",340-325-7942x62638
93,Mary Sullivan,"284 Trevor Circle Suite 918
Saraview, ID 05034",297.613.8283x93425
94,Melissa Suarez,"80375 James Lock
South Tim, MH 45955",474-316-0881
95,Meghan Short,"5626 Wendy Inlet Suite 614
Lake Meghanmouth, WV 07190",(802)200-6292x6372
96,Jasmine Mendoza,"727 Liu Heights
South Daniel, TX 47622",271.892.2872x601
97,Sarah Sanders,"Unit 9715 Box 2218
DPO AA 41194",761-557-2629
98,Bob Rhodes,"7747 Charles Vista Apt. 436
Anthonyhaven, ME 12744",373-979-7162
99,Mercedes Hall,"31475 Aguilar Forks Apt. 345
Boonebury, WY 49645",476.510.6865
100,George Martin,"PSC 3610, Box 8648
APO AP 48785",+1-655-828-0231x7841
101,Bob,ppp,123123
